{"x":19.220338983050848,"y":182.86779661016948}