{"Center":{"x":19.220338983050848,"y":182.86779661016948},"Left":{"x":18.0,"y":51.0},"Switch":{"x":142.23050847457625,"width":55.0,"y":103.78983050847457,"height":153.0},"Right":{"x":19.769491525423728,"y":310.2711864406779}}