{"x":19.769491525423728,"y":310.2711864406779}